{
  "name": "ssh-keys",
  "version": "1.2.7",
  "description": "Creates \"authorized_keys\" in user \"~/.ssh\" directory from a data bag (encrypted data bag supported)",
  "long_description": "Description\n===========\n\nCreates `authorized_keys` in user `~/.ssh` directory from a data bag (encrypted data bag supported).\n\nAttributes\n==========\n\nExpects `node[:ssh_keys]` to be an hash containing the user name as key and data bag user name as value.\nAlso, users can be defined by groups (see usage examples below).\n\nSee `attributes/default.rb` for additional attributes default values.\n\nUsage\n=====\n\nNode configuration example to create `authorized_keys` for user `root` from data bag user `user1`:\n\n    {\n      \"ssh_keys\": {\n        \"root\": \"user1\"\n      },\n      \"run_list\": [\n        \"recipe[ssh-keys]\"\n      ]\n    }\n\nNode configuration example to create `authorized_keys` for user `root` from data bag user `user1` and `user2`:\n\n    {\n      \"ssh_keys\": {\n        \"root\": [\"user1\", \"user2\"]\n      },\n      \"run_list\": [\n        \"recipe[ssh-keys]\"\n      ]\n    }\n\nNode configuration example to create `authorized_keys` for user `root` from users of group `admin`:\n\n    {\n      \"ssh_keys\": {\n        \"root\": {\"groups\": \"admin\"}\n      },\n      \"run_list\": [\n        \"recipe[ssh-keys]\"\n      ]\n    }\n\nNode configuration example to create `authorized_keys` for user `root` from data bag user `user1` and `user2`, and from users of groups `admin` and `operator`:\n\n    {\n      \"ssh_keys\": {\n        \"root\": {\"users\": [\"user1\", \"user2\"], \"groups\": [\"admin\", \"operator\"]}\n      },\n      \"run_list\": [\n        \"recipe[ssh-keys]\"\n      ]\n    }\n\nUse knife to create a data bag for users:\n\n    knife data bag create users\n\nUser data bag example (compatible with Chef [users cookbook](https://github.com/opscode-cookbooks/users)):\n\n    knife data bag users user1\n    {\n      \"id\": \"user1\",\n      \"ssh_keys\": \"ssh-rsa AAAAB3Nz...yhCw== user1\"\n    }\n\n    knife data bag users user2\n    {\n      \"id\": \"user2\",\n      \"ssh_keys\": \"ssh-rsa AAAAB3Nz...5D8F== user2\"\n    }\n\nCookbook URLs\n=============\n\n  - Chef Supermarket: https://supermarket.chef.io/cookbooks/ssh-keys\n  - GitHub: https://github.com/nickola/chef-ssh-keys\n  - Author: http://www.nickola.ru\n",
  "maintainer": "Nickolay Kovalev",
  "maintainer_email": "nickola@nickola.ru",
  "license": "Apache 2.0",
  "platforms": {
    "ubuntu": ">= 0.0.0",
    "debian": ">= 0.0.0",
    "redhat": ">= 0.0.0",
    "centos": ">= 0.0.0",
    "fedora": ">= 0.0.0",
    "freebsd": ">= 0.0.0"
  },
  "dependencies": {
  },
  "recommendations": {
  },
  "suggestions": {
  },
  "conflicting": {
  },
  "providing": {
  },
  "replacing": {
  },
  "attributes": {
  },
  "groupings": {
  },
  "recipes": {
  }
}