{"name":"perl","version":"2.0.0","description":"Installs perl and provides a resource for maintaining CPAN modules","long_description":"perl Cookbook\n=============\n[![Build Status](https://travis-ci.org/chef-cookbooks/perl.svg?branch=master)](http://travis-ci.org/chef-cookbooks/perl)\n[![Cookbook Version](https://img.shields.io/cookbook/v/perl.svg)](https://supermarket.chef.io/cookbooks/perl)\n\nManages Perl installation and provides `cpan_module`, to install modules from... CPAN.\n\n\nRequirements\n------------\n#### Platforms\n- Debian/Ubuntu/Mint\n- RHEL/CentOS/Scientific/Amazon/Oracle\n- Fedora\n- ArchLinux\n- Windows\n\n#### Chef\n- Chef 11+\n\n#### Cookbooks\n- none\n\n\nAttributes\n----------\n- perl\\['packages'\\] - platform specific packages installed by default recipe\n- perl\\['cpanm'\\]\\['path'\\] - platform specific path for `cpanm` binary to live\n- perl\\['cpanm'\\]\\['url'\\] - URL to download cpanm script from\n- perl\\['cpanm'\\]\\['checksum'\\] - checksum for the above remote file\n\n\nUsage\n-----\nTo install a module from CPAN:\n\n```ruby\ncpan_module 'App::Munchies'\n```\n\nOptionally, installation can forced with the 'force' parameter.\n\n```ruby\ncpan_module 'App::Munchies'\n  force true\nend\n```\n\nYou can also use [cpanm's version mechanism](http://search.cpan.org/~miyagawa/App-cpanminus-1.7027/bin/cpanm#COMMANDS) to grab a specific version, or glob a version.\n\nExactly version 1.01 of `App::Munchies` will be installed:\n\n```ruby\ncpan_module 'App::Munchies'\n  version '== 1.01'\nend\n```\n\nAt least version 1.01 of `App::Munchies` will be installed:\n\n```ruby\ncpan_module 'App::Munchies'\n  version '1.01'\nend\n```\n\nAt least version 1.01 will be installed, but not version 2:\n\n```ruby\ncpan_module 'App::Munchies'\n  version '>= 1.01, < 2.0'\nend\n```\n\nAdditionally, you can use the `cpan_module` LWRP to delete a given package (uses cpanm's `--uninstall` param)\n\n```ruby\ncpan_module 'App::Munchies'\n  action :uninstall\nend\n```\n\n\nLicense & Authors\n-----------------\n\n**Author:** Cookbook Engineering Team (<cookbooks@chef.io>)\n\n**Copyright:** 2009-2015, Chef Software, Inc.\n```\nLicensed under the Apache License, Version 2.0 (the \"License\");\nyou may not use this file except in compliance with the License.\nYou may obtain a copy of the License at\n\n    http://www.apache.org/licenses/LICENSE-2.0\n\nUnless required by applicable law or agreed to in writing, software\ndistributed under the License is distributed on an \"AS IS\" BASIS,\nWITHOUT WARRANTIES OR CONDITIONS OF ANY KIND, either express or implied.\nSee the License for the specific language governing permissions and\nlimitations under the License.\n```\n","maintainer":"Chef Software, Inc.","maintainer_email":"cookbooks@chef.io","license":"Apache 2.0","platforms":{"ubuntu":">= 0.0.0","debian":">= 0.0.0","mint":">= 0.0.0","redhat":">= 0.0.0","centos":">= 0.0.0","amazon":">= 0.0.0","scientific":">= 0.0.0","oracle":">= 0.0.0","fedora":">= 0.0.0","arch":">= 0.0.0"},"dependencies":{},"recommendations":{},"suggestions":{},"conflicting":{},"providing":{},"replacing":{},"attributes":{},"groupings":{},"recipes":{"perl":"Installs perl and adds a provider to install cpan modules"},"source_url":"https://github.com/chef-cookbooks/perl","issues_url":"https://github.com/chef-cookbooks/perl/issues"}